{
  "linear_mae": 0.001973051315342631,
  "linear_rmse": 0.0033384739595439107,
  "elastic_mae": 0.015624867828941782,
  "elastic_rmse": 0.02002058057141575
}