{
  "linear_mae": 0.001656774603106399,
  "linear_rmse": 0.0029388728602579113,
  "elastic_mae": 0.011728944290364585,
  "elastic_rmse": 0.020477633324791304
}